eval_loss,eval_accuracy,eval_micro_f1,eval_macro_f1,eval_weighted_f1,n_dist,opt_object,elapsed_time,done,time_this_iter_s,timesteps_total,episodes_total,training_iteration,trial_id,experiment_id,date,timestamp,time_total_s,pid,hostname,node_ip,config,time_since_restore,timesteps_since_restore,iterations_since_restore,warmup_time,experiment_tag
0.6660701036453247,69.0,69.0,68.28644501278774,68.28644501278772,0.7169917782214593,69.0,525.4089879989624,True,131.3774869441986,,,1,50beb4c9,db5de8ccbbcf4b7db75ccbf646280192,2023-05-24_15-33-31,1684938811,131.3774869441986,19339,gpu-e-9,10.43.6.9,"{'tag': 'pretrained_trail1_n-aug16', 'alpha': 0.05, 'n_aug': 16, 'aug_method': <function random_aug at 0x2addc57acc80>, 'aug_mode': <function eda at 0x2addc53061e0>, 'prob': 0.30103487597849543, 'model': {'type': 'Bert'}, 'dataset': {'path': 'custom', 'name': 'wiki', 'data_dir': '/home/yfn21/ondemand/data/sys/myjobs/projects/default/4/MPhil_BO/taa/Data', 'data_files': {'train': 'clean_sentences_small_wiki_train.csv', 'test': 'clean_sentences_small_wiki_test.csv'}, 'text_key': 'text'}, 'abspath': '/home/yfn21/ondemand/data/sys/myjobs/projects/default/4/MPhil_BO', 'aug': [[('random_aug', 'eda', 0.30103487597849543)]], 'per_device_train_batch_size': 50, 'per_device_eval_batch_size': 128, 'epoch': 10, 'lr': '4e-5', 'max_seq_length': 128, 'sparsity': 500, 'class_imbalance': 0.5, 'num_classes': 2, 'method': 'taa', 'topN': 3, 'seed': 42, 'trail': 1, 'num_search': 30, 'num_gpus': 4, 'num_cpus': 40, '_version': 1, 'config': ('taa/confs/bert_wiki_example.yaml',), 'until': 5}",131.3774869441986,0,1,0.0044193267822265625,"18_version=1,abspath=home_yfn21_ondemand_data_sys_myjobs_projects_default_4_MPhil_BO,alpha=0.0500,aug=None,aug_method=function_random_aug_at_0x2addc57acc80,aug_mode=function_eda_at_0x2addc53061e0,class_imbalance=0.5000,config=taa_confs_bert_wiki_example_yaml,data_dir=home_yfn21_ondemand_data_sys_myjobs_projects_default_4_MPhil_BO_taa_Data,test=clean_sentences_small_wiki_test_csv,train=clean_sentences_small_wiki_train_csv,name=wiki,path=custom,text_key=text,epoch=10,lr=4e-5,max_seq_length=128,method=taa,type=Bert,n_aug=16,num_classes=2,num_cpus=40,num_gpus=4,num_search=30,per_device_eval_batch_size=128,per_device_train_batch_size=50,prob=0.3010,seed=42,sparsity=500,tag=pretrained_trail1_n-aug16,topN=3,trail=1,until=5","[[('random_aug', 'eda', 0.30103487597849543)]]"
0.6384768486022949,66.0,66.0,65.65656565656566,65.65656565656566,0.7169917782214593,66.0,642.4278469085693,True,160.62549805641174,,,1,89889752,b6b2007dbc0d426ba9c1e37ef92a05fd,2023-05-24_15-19-28,1684937968,160.62549805641174,15432,gpu-e-9,10.43.6.9,"{'tag': 'pretrained_trail1_n-aug16', 'alpha': 0.05, 'n_aug': 16, 'aug_method': <function influential_aug at 0x2addc57acd08>, 'aug_mode': <function backtranslation at 0x2addc5306158>, 'prob': 0.023031169375588578, 'model': {'type': 'Bert'}, 'dataset': {'path': 'custom', 'name': 'wiki', 'data_dir': '/home/yfn21/ondemand/data/sys/myjobs/projects/default/4/MPhil_BO/taa/Data', 'data_files': {'train': 'clean_sentences_small_wiki_train.csv', 'test': 'clean_sentences_small_wiki_test.csv'}, 'text_key': 'text'}, 'abspath': '/home/yfn21/ondemand/data/sys/myjobs/projects/default/4/MPhil_BO', 'aug': [[('influential_aug', 'backtranslation', 0.023031169375588578)]], 'per_device_train_batch_size': 50, 'per_device_eval_batch_size': 128, 'epoch': 10, 'lr': '4e-5', 'max_seq_length': 128, 'sparsity': 500, 'class_imbalance': 0.5, 'num_classes': 2, 'method': 'taa', 'topN': 3, 'seed': 42, 'trail': 1, 'num_search': 30, 'num_gpus': 4, 'num_cpus': 40, '_version': 1, 'config': ('taa/confs/bert_wiki_example.yaml',), 'until': 5}",160.62549805641174,0,1,0.004540205001831055,"12_version=1,abspath=home_yfn21_ondemand_data_sys_myjobs_projects_default_4_MPhil_BO,alpha=0.0500,aug=None,aug_method=function_influential_aug_at_0x2addc57acd08,aug_mode=function_backtranslation_at_0x2addc5306158,class_imbalance=0.5000,config=taa_confs_bert_wiki_example_yaml,data_dir=home_yfn21_ondemand_data_sys_myjobs_projects_default_4_MPhil_BO_taa_Data,test=clean_sentences_small_wiki_test_csv,train=clean_sentences_small_wiki_train_csv,name=wiki,path=custom,text_key=text,epoch=10,lr=4e-5,max_seq_length=128,method=taa,type=Bert,n_aug=16,num_classes=2,num_cpus=40,num_gpus=4,num_search=30,per_device_eval_batch_size=128,per_device_train_batch_size=50,prob=0.0230,seed=42,sparsity=500,tag=pretrained_trail1_n-aug16,topN=3,trail=1,until=5","[[('influential_aug', 'backtranslation', 0.023031169375588578)]]"
1.1193873882293701,65.0,65.0,64.91228070175438,64.91228070175438,0.6889007208165165,65.0,873.2662448883057,True,218.32805848121643,,,1,535a5d1d,043c1270c9b5413e8c304cd004f3d384,2023-05-24_15-00-06,1684936806,218.32805848121643,10139,gpu-e-9,10.43.6.9,"{'tag': 'pretrained_trail1_n-aug16', 'alpha': 0.05, 'n_aug': 16, 'aug_method': <function influential_aug at 0x2addc57acd08>, 'aug_mode': <function eda at 0x2addc53061e0>, 'prob': 0.819697903552192, 'model': {'type': 'Bert'}, 'dataset': {'path': 'custom', 'name': 'wiki', 'data_dir': '/home/yfn21/ondemand/data/sys/myjobs/projects/default/4/MPhil_BO/taa/Data', 'data_files': {'train': 'clean_sentences_small_wiki_train.csv', 'test': 'clean_sentences_small_wiki_test.csv'}, 'text_key': 'text'}, 'abspath': '/home/yfn21/ondemand/data/sys/myjobs/projects/default/4/MPhil_BO', 'aug': [[('influential_aug', 'eda', 0.819697903552192)]], 'per_device_train_batch_size': 50, 'per_device_eval_batch_size': 128, 'epoch': 10, 'lr': '4e-5', 'max_seq_length': 128, 'sparsity': 500, 'class_imbalance': 0.5, 'num_classes': 2, 'method': 'taa', 'topN': 3, 'seed': 42, 'trail': 1, 'num_search': 30, 'num_gpus': 4, 'num_cpus': 40, '_version': 1, 'config': ('taa/confs/bert_wiki_example.yaml',), 'until': 5}",218.32805848121643,0,1,0.004697322845458984,"5_version=1,abspath=home_yfn21_ondemand_data_sys_myjobs_projects_default_4_MPhil_BO,alpha=0.0500,aug=None,aug_method=function_influential_aug_at_0x2addc57acd08,aug_mode=function_eda_at_0x2addc53061e0,class_imbalance=0.5000,config=taa_confs_bert_wiki_example_yaml,data_dir=home_yfn21_ondemand_data_sys_myjobs_projects_default_4_MPhil_BO_taa_Data,test=clean_sentences_small_wiki_test_csv,train=clean_sentences_small_wiki_train_csv,name=wiki,path=custom,text_key=text,epoch=10,lr=4e-5,max_seq_length=128,method=taa,type=Bert,n_aug=16,num_classes=2,num_cpus=40,num_gpus=4,num_search=30,per_device_eval_batch_size=128,per_device_train_batch_size=50,prob=0.8197,seed=42,sparsity=500,tag=pretrained_trail1_n-aug16,topN=3,trail=1,until=5","[[('influential_aug', 'eda', 0.819697903552192)]]"
0.669198751449585,64.0,64.0,63.9423076923077,63.9423076923077,0.7169917782214593,64.0,523.9716987609863,True,131.0136067867279,,,1,9d7e1019,1ae37434ea574a1d8a9e6b6e89dc39a1,2023-05-24_14-56-06,1684936566,131.0136067867279,9519,gpu-e-9,10.43.6.9,"{'tag': 'pretrained_trail1_n-aug16', 'alpha': 0.05, 'n_aug': 16, 'aug_method': <function influential_minority_aug at 0x2addc57acd90>, 'aug_mode': <function eda at 0x2addc53061e0>, 'prob': 0.2560423773665619, 'model': {'type': 'Bert'}, 'dataset': {'path': 'custom', 'name': 'wiki', 'data_dir': '/home/yfn21/ondemand/data/sys/myjobs/projects/default/4/MPhil_BO/taa/Data', 'data_files': {'train': 'clean_sentences_small_wiki_train.csv', 'test': 'clean_sentences_small_wiki_test.csv'}, 'text_key': 'text'}, 'abspath': '/home/yfn21/ondemand/data/sys/myjobs/projects/default/4/MPhil_BO', 'aug': [[('influential_minority_aug', 'eda', 0.2560423773665619)]], 'per_device_train_batch_size': 50, 'per_device_eval_batch_size': 128, 'epoch': 10, 'lr': '4e-5', 'max_seq_length': 128, 'sparsity': 500, 'class_imbalance': 0.5, 'num_classes': 2, 'method': 'taa', 'topN': 3, 'seed': 42, 'trail': 1, 'num_search': 30, 'num_gpus': 4, 'num_cpus': 40, '_version': 1, 'config': ('taa/confs/bert_wiki_example.yaml',), 'until': 5}",131.0136067867279,0,1,0.004546165466308594,"4_version=1,abspath=home_yfn21_ondemand_data_sys_myjobs_projects_default_4_MPhil_BO,alpha=0.0500,aug=None,aug_method=function_influential_minority_aug_at_0x2addc57acd90,aug_mode=function_eda_at_0x2addc53061e0,class_imbalance=0.5000,config=taa_confs_bert_wiki_example_yaml,data_dir=home_yfn21_ondemand_data_sys_myjobs_projects_default_4_MPhil_BO_taa_Data,test=clean_sentences_small_wiki_test_csv,train=clean_sentences_small_wiki_train_csv,name=wiki,path=custom,text_key=text,epoch=10,lr=4e-5,max_seq_length=128,method=taa,type=Bert,n_aug=16,num_classes=2,num_cpus=40,num_gpus=4,num_search=30,per_device_eval_batch_size=128,per_device_train_batch_size=50,prob=0.2560,seed=42,sparsity=500,tag=pretrained_trail1_n-aug16,topN=3,trail=1,until=5","[[('influential_minority_aug', 'eda', 0.2560423773665619)]]"
0.6599884629249573,64.0,64.0,63.86993175431554,63.86993175431554,0.7169917782214593,64.0,525.9207925796509,True,131.50672888755798,,,1,282a5e67,1ca3a56ab3304616b71edc87002be490,2023-05-24_15-43-27,1684939407,131.50672888755798,22046,gpu-e-9,10.43.6.9,"{'tag': 'pretrained_trail1_n-aug16', 'alpha': 0.05, 'n_aug': 16, 'aug_method': <function random_aug at 0x2addc57acc80>, 'aug_mode': <function backtranslation at 0x2addc5306158>, 'prob': 0.21390687490503127, 'model': {'type': 'Bert'}, 'dataset': {'path': 'custom', 'name': 'wiki', 'data_dir': '/home/yfn21/ondemand/data/sys/myjobs/projects/default/4/MPhil_BO/taa/Data', 'data_files': {'train': 'clean_sentences_small_wiki_train.csv', 'test': 'clean_sentences_small_wiki_test.csv'}, 'text_key': 'text'}, 'abspath': '/home/yfn21/ondemand/data/sys/myjobs/projects/default/4/MPhil_BO', 'aug': [[('random_aug', 'backtranslation', 0.21390687490503127)]], 'per_device_train_batch_size': 50, 'per_device_eval_batch_size': 128, 'epoch': 10, 'lr': '4e-5', 'max_seq_length': 128, 'sparsity': 500, 'class_imbalance': 0.5, 'num_classes': 2, 'method': 'taa', 'topN': 3, 'seed': 42, 'trail': 1, 'num_search': 30, 'num_gpus': 4, 'num_cpus': 40, '_version': 1, 'config': ('taa/confs/bert_wiki_example.yaml',), 'until': 5}",131.50672888755798,0,1,0.0044672489166259766,"22_version=1,abspath=home_yfn21_ondemand_data_sys_myjobs_projects_default_4_MPhil_BO,alpha=0.0500,aug=None,aug_method=function_random_aug_at_0x2addc57acc80,aug_mode=function_backtranslation_at_0x2addc5306158,class_imbalance=0.5000,config=taa_confs_bert_wiki_example_yaml,data_dir=home_yfn21_ondemand_data_sys_myjobs_projects_default_4_MPhil_BO_taa_Data,test=clean_sentences_small_wiki_test_csv,train=clean_sentences_small_wiki_train_csv,name=wiki,path=custom,text_key=text,epoch=10,lr=4e-5,max_seq_length=128,method=taa,type=Bert,n_aug=16,num_classes=2,num_cpus=40,num_gpus=4,num_search=30,per_device_eval_batch_size=128,per_device_train_batch_size=50,prob=0.2139,seed=42,sparsity=500,tag=pretrained_trail1_n-aug16,topN=3,trail=1,until=5","[[('random_aug', 'backtranslation', 0.21390687490503127)]]"
0.6606696844100952,64.0,64.0,63.47402597402597,63.47402597402597,0.7169917782214593,64.0,585.7851572036743,True,146.47296667099,,,1,4d22a531,19082081ce984a8f928fab4a251c2f5d,2023-05-24_15-49-08,1684939748,146.47296667099,23331,gpu-e-9,10.43.6.9,"{'tag': 'pretrained_trail1_n-aug16', 'alpha': 0.05, 'n_aug': 16, 'aug_method': <function random_aug at 0x2addc57acc80>, 'aug_mode': <function eda at 0x2addc53061e0>, 'prob': 0.0011953333267401417, 'model': {'type': 'Bert'}, 'dataset': {'path': 'custom', 'name': 'wiki', 'data_dir': '/home/yfn21/ondemand/data/sys/myjobs/projects/default/4/MPhil_BO/taa/Data', 'data_files': {'train': 'clean_sentences_small_wiki_train.csv', 'test': 'clean_sentences_small_wiki_test.csv'}, 'text_key': 'text'}, 'abspath': '/home/yfn21/ondemand/data/sys/myjobs/projects/default/4/MPhil_BO', 'aug': [[('random_aug', 'eda', 0.0011953333267401417)]], 'per_device_train_batch_size': 50, 'per_device_eval_batch_size': 128, 'epoch': 10, 'lr': '4e-5', 'max_seq_length': 128, 'sparsity': 500, 'class_imbalance': 0.5, 'num_classes': 2, 'method': 'taa', 'topN': 3, 'seed': 42, 'trail': 1, 'num_search': 30, 'num_gpus': 4, 'num_cpus': 40, '_version': 1, 'config': ('taa/confs/bert_wiki_example.yaml',), 'until': 5}",146.47296667099,0,1,0.006161689758300781,"24_version=1,abspath=home_yfn21_ondemand_data_sys_myjobs_projects_default_4_MPhil_BO,alpha=0.0500,aug=None,aug_method=function_random_aug_at_0x2addc57acc80,aug_mode=function_eda_at_0x2addc53061e0,class_imbalance=0.5000,config=taa_confs_bert_wiki_example_yaml,data_dir=home_yfn21_ondemand_data_sys_myjobs_projects_default_4_MPhil_BO_taa_Data,test=clean_sentences_small_wiki_test_csv,train=clean_sentences_small_wiki_train_csv,name=wiki,path=custom,text_key=text,epoch=10,lr=4e-5,max_seq_length=128,method=taa,type=Bert,n_aug=16,num_classes=2,num_cpus=40,num_gpus=4,num_search=30,per_device_eval_batch_size=128,per_device_train_batch_size=50,prob=0.0012,seed=42,sparsity=500,tag=pretrained_trail1_n-aug16,topN=3,trail=1,until=5","[[('random_aug', 'eda', 0.0011953333267401417)]]"
0.6556047797203064,63.0,63.0,62.907268170426065,62.907268170426065,0.7169917782214593,63.0,639.6222219467163,True,159.9238202571869,,,1,68d5a4a6,b88c31edff324ee887781e61ff983ba1,2023-05-24_15-16-26,1684937786,159.9238202571869,14708,gpu-e-9,10.43.6.9,"{'tag': 'pretrained_trail1_n-aug16', 'alpha': 0.05, 'n_aug': 16, 'aug_method': <function full_minority at 0x2addc57aca60>, 'aug_mode': <function backtranslation at 0x2addc5306158>, 'prob': 0.11671671699131625, 'model': {'type': 'Bert'}, 'dataset': {'path': 'custom', 'name': 'wiki', 'data_dir': '/home/yfn21/ondemand/data/sys/myjobs/projects/default/4/MPhil_BO/taa/Data', 'data_files': {'train': 'clean_sentences_small_wiki_train.csv', 'test': 'clean_sentences_small_wiki_test.csv'}, 'text_key': 'text'}, 'abspath': '/home/yfn21/ondemand/data/sys/myjobs/projects/default/4/MPhil_BO', 'aug': [[('full_minority', 'backtranslation', 0.11671671699131625)]], 'per_device_train_batch_size': 50, 'per_device_eval_batch_size': 128, 'epoch': 10, 'lr': '4e-5', 'max_seq_length': 128, 'sparsity': 500, 'class_imbalance': 0.5, 'num_classes': 2, 'method': 'taa', 'topN': 3, 'seed': 42, 'trail': 1, 'num_search': 30, 'num_gpus': 4, 'num_cpus': 40, '_version': 1, 'config': ('taa/confs/bert_wiki_example.yaml',), 'until': 5}",159.9238202571869,0,1,0.004693031311035156,"11_version=1,abspath=home_yfn21_ondemand_data_sys_myjobs_projects_default_4_MPhil_BO,alpha=0.0500,aug=None,aug_method=function_full_minority_at_0x2addc57aca60,aug_mode=function_backtranslation_at_0x2addc5306158,class_imbalance=0.5000,config=taa_confs_bert_wiki_example_yaml,data_dir=home_yfn21_ondemand_data_sys_myjobs_projects_default_4_MPhil_BO_taa_Data,test=clean_sentences_small_wiki_test_csv,train=clean_sentences_small_wiki_train_csv,name=wiki,path=custom,text_key=text,epoch=10,lr=4e-5,max_seq_length=128,method=taa,type=Bert,n_aug=16,num_classes=2,num_cpus=40,num_gpus=4,num_search=30,per_device_eval_batch_size=128,per_device_train_batch_size=50,prob=0.1167,seed=42,sparsity=500,tag=pretrained_trail1_n-aug16,topN=3,trail=1,until=5","[[('full_minority', 'backtranslation', 0.11671671699131625)]]"
0.7852107286453247,61.0,61.0,60.96486838154338,60.96486838154338,0.6842706286919993,61.0,680.1310319900513,True,170.04195070266724,,,1,64aa5657,db61847f6f6644e8abbe26b4adf7c4a9,2023-05-24_14-53-33,1684936413,170.04195070266724,8600,gpu-e-9,10.43.6.9,"{'tag': 'pretrained_trail1_n-aug16', 'alpha': 0.05, 'n_aug': 16, 'aug_method': <function influential_minority_aug at 0x2addc57acd90>, 'aug_mode': <function eda at 0x2addc53061e0>, 'prob': 0.997361758095354, 'model': {'type': 'Bert'}, 'dataset': {'path': 'custom', 'name': 'wiki', 'data_dir': '/home/yfn21/ondemand/data/sys/myjobs/projects/default/4/MPhil_BO/taa/Data', 'data_files': {'train': 'clean_sentences_small_wiki_train.csv', 'test': 'clean_sentences_small_wiki_test.csv'}, 'text_key': 'text'}, 'abspath': '/home/yfn21/ondemand/data/sys/myjobs/projects/default/4/MPhil_BO', 'aug': [[('influential_minority_aug', 'eda', 0.997361758095354)]], 'per_device_train_batch_size': 50, 'per_device_eval_batch_size': 128, 'epoch': 10, 'lr': '4e-5', 'max_seq_length': 128, 'sparsity': 500, 'class_imbalance': 0.5, 'num_classes': 2, 'method': 'taa', 'topN': 3, 'seed': 42, 'trail': 1, 'num_search': 30, 'num_gpus': 4, 'num_cpus': 40, '_version': 1, 'config': ('taa/confs/bert_wiki_example.yaml',), 'until': 5}",170.04195070266724,0,1,0.0044252872467041016,"3_version=1,abspath=home_yfn21_ondemand_data_sys_myjobs_projects_default_4_MPhil_BO,alpha=0.0500,aug=None,aug_method=function_influential_minority_aug_at_0x2addc57acd90,aug_mode=function_eda_at_0x2addc53061e0,class_imbalance=0.5000,config=taa_confs_bert_wiki_example_yaml,data_dir=home_yfn21_ondemand_data_sys_myjobs_projects_default_4_MPhil_BO_taa_Data,test=clean_sentences_small_wiki_test_csv,train=clean_sentences_small_wiki_train_csv,name=wiki,path=custom,text_key=text,epoch=10,lr=4e-5,max_seq_length=128,method=taa,type=Bert,n_aug=16,num_classes=2,num_cpus=40,num_gpus=4,num_search=30,per_device_eval_batch_size=128,per_device_train_batch_size=50,prob=0.9974,seed=42,sparsity=500,tag=pretrained_trail1_n-aug16,topN=3,trail=1,until=5","[[('influential_minority_aug', 'eda', 0.997361758095354)]]"
0.6727724671363831,61.0,61.0,60.99609960996099,60.99609960996099,0.7169917782214593,61.0,642.897608757019,True,160.73990392684937,,,1,08e7b38b,b9c3566680ce4b59a783368cbff9c41a,2023-05-24_15-07-41,1684937261,160.73990392684937,12537,gpu-e-9,10.43.6.9,"{'tag': 'pretrained_trail1_n-aug16', 'alpha': 0.05, 'n_aug': 16, 'aug_method': <function influential_majority_forget at 0x2addc5306048>, 'aug_mode': <function eda at 0x2addc53061e0>, 'prob': 0.3704146270532678, 'model': {'type': 'Bert'}, 'dataset': {'path': 'custom', 'name': 'wiki', 'data_dir': '/home/yfn21/ondemand/data/sys/myjobs/projects/default/4/MPhil_BO/taa/Data', 'data_files': {'train': 'clean_sentences_small_wiki_train.csv', 'test': 'clean_sentences_small_wiki_test.csv'}, 'text_key': 'text'}, 'abspath': '/home/yfn21/ondemand/data/sys/myjobs/projects/default/4/MPhil_BO', 'aug': [[('influential_majority_forget', 'eda', 0.3704146270532678)]], 'per_device_train_batch_size': 50, 'per_device_eval_batch_size': 128, 'epoch': 10, 'lr': '4e-5', 'max_seq_length': 128, 'sparsity': 500, 'class_imbalance': 0.5, 'num_classes': 2, 'method': 'taa', 'topN': 3, 'seed': 42, 'trail': 1, 'num_search': 30, 'num_gpus': 4, 'num_cpus': 40, '_version': 1, 'config': ('taa/confs/bert_wiki_example.yaml',), 'until': 5}",160.73990392684937,0,1,0.0052106380462646484,"8_version=1,abspath=home_yfn21_ondemand_data_sys_myjobs_projects_default_4_MPhil_BO,alpha=0.0500,aug=None,aug_method=function_influential_majority_forget_at_0x2addc5306048,aug_mode=function_eda_at_0x2addc53061e0,class_imbalance=0.5000,config=taa_confs_bert_wiki_example_yaml,data_dir=home_yfn21_ondemand_data_sys_myjobs_projects_default_4_MPhil_BO_taa_Data,test=clean_sentences_small_wiki_test_csv,train=clean_sentences_small_wiki_train_csv,name=wiki,path=custom,text_key=text,epoch=10,lr=4e-5,max_seq_length=128,method=taa,type=Bert,n_aug=16,num_classes=2,num_cpus=40,num_gpus=4,num_search=30,per_device_eval_batch_size=128,per_device_train_batch_size=50,prob=0.3704,seed=42,sparsity=500,tag=pretrained_trail1_n-aug16,topN=3,trail=1,until=5","[[('influential_majority_forget', 'eda', 0.3704146270532678)]]"
0.6708992719650269,61.0,61.0,60.99609960996099,60.99609960996099,0.7169917782214593,61.0,644.3494243621826,True,161.1095016002655,,,1,b9824ed3,8a001846a6864b939b8d3419ff42b676,2023-05-24_15-28-53,1684938533,161.1095016002655,18039,gpu-e-9,10.43.6.9,"{'tag': 'pretrained_trail1_n-aug16', 'alpha': 0.05, 'n_aug': 16, 'aug_method': <function full at 0x2addb437e598>, 'aug_mode': <function backtranslation at 0x2addc5306158>, 'prob': 0.10894959839451035, 'model': {'type': 'Bert'}, 'dataset': {'path': 'custom', 'name': 'wiki', 'data_dir': '/home/yfn21/ondemand/data/sys/myjobs/projects/default/4/MPhil_BO/taa/Data', 'data_files': {'train': 'clean_sentences_small_wiki_train.csv', 'test': 'clean_sentences_small_wiki_test.csv'}, 'text_key': 'text'}, 'abspath': '/home/yfn21/ondemand/data/sys/myjobs/projects/default/4/MPhil_BO', 'aug': [[('full', 'backtranslation', 0.10894959839451035)]], 'per_device_train_batch_size': 50, 'per_device_eval_batch_size': 128, 'epoch': 10, 'lr': '4e-5', 'max_seq_length': 128, 'sparsity': 500, 'class_imbalance': 0.5, 'num_classes': 2, 'method': 'taa', 'topN': 3, 'seed': 42, 'trail': 1, 'num_search': 30, 'num_gpus': 4, 'num_cpus': 40, '_version': 1, 'config': ('taa/confs/bert_wiki_example.yaml',), 'until': 5}",161.1095016002655,0,1,0.0044934749603271484,"16_version=1,abspath=home_yfn21_ondemand_data_sys_myjobs_projects_default_4_MPhil_BO,alpha=0.0500,aug=None,aug_method=function_full_at_0x2addb437e598,aug_mode=function_backtranslation_at_0x2addc5306158,class_imbalance=0.5000,config=taa_confs_bert_wiki_example_yaml,data_dir=home_yfn21_ondemand_data_sys_myjobs_projects_default_4_MPhil_BO_taa_Data,test=clean_sentences_small_wiki_test_csv,train=clean_sentences_small_wiki_train_csv,name=wiki,path=custom,text_key=text,epoch=10,lr=4e-5,max_seq_length=128,method=taa,type=Bert,n_aug=16,num_classes=2,num_cpus=40,num_gpus=4,num_search=30,per_device_eval_batch_size=128,per_device_train_batch_size=50,prob=0.1089,seed=42,sparsity=500,tag=pretrained_trail1_n-aug16,topN=3,trail=1,until=5","[[('full', 'backtranslation', 0.10894959839451035)]]"
0.6557568907737732,61.0,61.0,60.10230179028133,60.102301790281345,0.7169917782214593,61.0,641.9140472412109,True,160.50617861747742,,,1,277aaf5c,ec021e7477214af48396855d732d5040,2023-05-24_15-52-11,1684939931,160.50617861747742,23996,gpu-e-9,10.43.6.9,"{'tag': 'pretrained_trail1_n-aug16', 'alpha': 0.05, 'n_aug': 16, 'aug_method': <function influential_aug at 0x2addc57acd08>, 'aug_mode': <function eda at 0x2addc53061e0>, 'prob': 0.19036685855811308, 'model': {'type': 'Bert'}, 'dataset': {'path': 'custom', 'name': 'wiki', 'data_dir': '/home/yfn21/ondemand/data/sys/myjobs/projects/default/4/MPhil_BO/taa/Data', 'data_files': {'train': 'clean_sentences_small_wiki_train.csv', 'test': 'clean_sentences_small_wiki_test.csv'}, 'text_key': 'text'}, 'abspath': '/home/yfn21/ondemand/data/sys/myjobs/projects/default/4/MPhil_BO', 'aug': [[('influential_aug', 'eda', 0.19036685855811308)]], 'per_device_train_batch_size': 50, 'per_device_eval_batch_size': 128, 'epoch': 10, 'lr': '4e-5', 'max_seq_length': 128, 'sparsity': 500, 'class_imbalance': 0.5, 'num_classes': 2, 'method': 'taa', 'topN': 3, 'seed': 42, 'trail': 1, 'num_search': 30, 'num_gpus': 4, 'num_cpus': 40, '_version': 1, 'config': ('taa/confs/bert_wiki_example.yaml',), 'until': 5}",160.50617861747742,0,1,0.0046617984771728516,"25_version=1,abspath=home_yfn21_ondemand_data_sys_myjobs_projects_default_4_MPhil_BO,alpha=0.0500,aug=None,aug_method=function_influential_aug_at_0x2addc57acd08,aug_mode=function_eda_at_0x2addc53061e0,class_imbalance=0.5000,config=taa_confs_bert_wiki_example_yaml,data_dir=home_yfn21_ondemand_data_sys_myjobs_projects_default_4_MPhil_BO_taa_Data,test=clean_sentences_small_wiki_test_csv,train=clean_sentences_small_wiki_train_csv,name=wiki,path=custom,text_key=text,epoch=10,lr=4e-5,max_seq_length=128,method=taa,type=Bert,n_aug=16,num_classes=2,num_cpus=40,num_gpus=4,num_search=30,per_device_eval_batch_size=128,per_device_train_batch_size=50,prob=0.1904,seed=42,sparsity=500,tag=pretrained_trail1_n-aug16,topN=3,trail=1,until=5","[[('influential_aug', 'eda', 0.19036685855811308)]]"
0.6809235215187073,60.0,60.0,59.74235104669887,59.74235104669887,0.7169917782214593,60.0,411.8615827560425,True,102.99451780319214,,,1,062b1e26,fe3c21ea27cb404bbbe3b85bab4d4af0,2023-05-24_15-57-37,1684940257,102.99451780319214,25573,gpu-e-9,10.43.6.9,"{'tag': 'pretrained_trail1_n-aug16', 'alpha': 0.05, 'n_aug': 16, 'aug_method': <function random_forget_majority at 0x2addc57acea0>, 'aug_mode': <function eda at 0x2addc53061e0>, 'prob': 0.034954443497678345, 'model': {'type': 'Bert'}, 'dataset': {'path': 'custom', 'name': 'wiki', 'data_dir': '/home/yfn21/ondemand/data/sys/myjobs/projects/default/4/MPhil_BO/taa/Data', 'data_files': {'train': 'clean_sentences_small_wiki_train.csv', 'test': 'clean_sentences_small_wiki_test.csv'}, 'text_key': 'text'}, 'abspath': '/home/yfn21/ondemand/data/sys/myjobs/projects/default/4/MPhil_BO', 'aug': [[('random_forget_majority', 'eda', 0.034954443497678345)]], 'per_device_train_batch_size': 50, 'per_device_eval_batch_size': 128, 'epoch': 10, 'lr': '4e-5', 'max_seq_length': 128, 'sparsity': 500, 'class_imbalance': 0.5, 'num_classes': 2, 'method': 'taa', 'topN': 3, 'seed': 42, 'trail': 1, 'num_search': 30, 'num_gpus': 4, 'num_cpus': 40, '_version': 1, 'config': ('taa/confs/bert_wiki_example.yaml',), 'until': 5}",102.99451780319214,0,1,0.004440784454345703,"28_version=1,abspath=home_yfn21_ondemand_data_sys_myjobs_projects_default_4_MPhil_BO,alpha=0.0500,aug=None,aug_method=function_random_forget_majority_at_0x2addc57acea0,aug_mode=function_eda_at_0x2addc53061e0,class_imbalance=0.5000,config=taa_confs_bert_wiki_example_yaml,data_dir=home_yfn21_ondemand_data_sys_myjobs_projects_default_4_MPhil_BO_taa_Data,test=clean_sentences_small_wiki_test_csv,train=clean_sentences_small_wiki_train_csv,name=wiki,path=custom,text_key=text,epoch=10,lr=4e-5,max_seq_length=128,method=taa,type=Bert,n_aug=16,num_classes=2,num_cpus=40,num_gpus=4,num_search=30,per_device_eval_batch_size=128,per_device_train_batch_size=50,prob=0.0350,seed=42,sparsity=500,tag=pretrained_trail1_n-aug16,topN=3,trail=1,until=5","[[('random_forget_majority', 'eda', 0.034954443497678345)]]"
0.6349077224731445,59.0,59.0,58.497823666363004,58.497823666363004,0.7169917782214593,59.0,696.2417011260986,True,174.08776092529297,,,1,77a0370d,11f96097d75148678a1f4aa3906115d2,2023-05-24_15-40-53,1684939253,174.08776092529297,21190,gpu-e-9,10.43.6.9,"{'tag': 'pretrained_trail1_n-aug16', 'alpha': 0.05, 'n_aug': 16, 'aug_method': <function random_aug at 0x2addc57acc80>, 'aug_mode': <function eda at 0x2addc53061e0>, 'prob': 0.0006214080851097425, 'model': {'type': 'Bert'}, 'dataset': {'path': 'custom', 'name': 'wiki', 'data_dir': '/home/yfn21/ondemand/data/sys/myjobs/projects/default/4/MPhil_BO/taa/Data', 'data_files': {'train': 'clean_sentences_small_wiki_train.csv', 'test': 'clean_sentences_small_wiki_test.csv'}, 'text_key': 'text'}, 'abspath': '/home/yfn21/ondemand/data/sys/myjobs/projects/default/4/MPhil_BO', 'aug': [[('random_aug', 'eda', 0.0006214080851097425)]], 'per_device_train_batch_size': 50, 'per_device_eval_batch_size': 128, 'epoch': 10, 'lr': '4e-5', 'max_seq_length': 128, 'sparsity': 500, 'class_imbalance': 0.5, 'num_classes': 2, 'method': 'taa', 'topN': 3, 'seed': 42, 'trail': 1, 'num_search': 30, 'num_gpus': 4, 'num_cpus': 40, '_version': 1, 'config': ('taa/confs/bert_wiki_example.yaml',), 'until': 5}",174.08776092529297,0,1,0.0045070648193359375,"21_version=1,abspath=home_yfn21_ondemand_data_sys_myjobs_projects_default_4_MPhil_BO,alpha=0.0500,aug=None,aug_method=function_random_aug_at_0x2addc57acc80,aug_mode=function_eda_at_0x2addc53061e0,class_imbalance=0.5000,config=taa_confs_bert_wiki_example_yaml,data_dir=home_yfn21_ondemand_data_sys_myjobs_projects_default_4_MPhil_BO_taa_Data,test=clean_sentences_small_wiki_test_csv,train=clean_sentences_small_wiki_train_csv,name=wiki,path=custom,text_key=text,epoch=10,lr=4e-5,max_seq_length=128,method=taa,type=Bert,n_aug=16,num_classes=2,num_cpus=40,num_gpus=4,num_search=30,per_device_eval_batch_size=128,per_device_train_batch_size=50,prob=0.0006,seed=42,sparsity=500,tag=pretrained_trail1_n-aug16,topN=3,trail=1,until=5","[[('random_aug', 'eda', 0.0006214080851097425)]]"
0.6670255064964294,56.99999999999999,56.99999999999999,56.995699569957004,56.99569956995699,0.7169917782214593,56.99999999999999,522.072452545166,True,130.5300850868225,,,1,11d71eb8,74c937c833574edfa3a074c355875f35,2023-05-24_15-02-38,1684936958,130.5300850868225,11450,gpu-e-9,10.43.6.9,"{'tag': 'pretrained_trail1_n-aug16', 'alpha': 0.05, 'n_aug': 16, 'aug_method': <function full at 0x2addb437e598>, 'aug_mode': <function eda at 0x2addc53061e0>, 'prob': 0.48724798311557516, 'model': {'type': 'Bert'}, 'dataset': {'path': 'custom', 'name': 'wiki', 'data_dir': '/home/yfn21/ondemand/data/sys/myjobs/projects/default/4/MPhil_BO/taa/Data', 'data_files': {'train': 'clean_sentences_small_wiki_train.csv', 'test': 'clean_sentences_small_wiki_test.csv'}, 'text_key': 'text'}, 'abspath': '/home/yfn21/ondemand/data/sys/myjobs/projects/default/4/MPhil_BO', 'aug': [[('full', 'eda', 0.48724798311557516)]], 'per_device_train_batch_size': 50, 'per_device_eval_batch_size': 128, 'epoch': 10, 'lr': '4e-5', 'max_seq_length': 128, 'sparsity': 500, 'class_imbalance': 0.5, 'num_classes': 2, 'method': 'taa', 'topN': 3, 'seed': 42, 'trail': 1, 'num_search': 30, 'num_gpus': 4, 'num_cpus': 40, '_version': 1, 'config': ('taa/confs/bert_wiki_example.yaml',), 'until': 5}",130.5300850868225,0,1,0.0043888092041015625,"6_version=1,abspath=home_yfn21_ondemand_data_sys_myjobs_projects_default_4_MPhil_BO,alpha=0.0500,aug=None,aug_method=function_full_at_0x2addb437e598,aug_mode=function_eda_at_0x2addc53061e0,class_imbalance=0.5000,config=taa_confs_bert_wiki_example_yaml,data_dir=home_yfn21_ondemand_data_sys_myjobs_projects_default_4_MPhil_BO_taa_Data,test=clean_sentences_small_wiki_test_csv,train=clean_sentences_small_wiki_train_csv,name=wiki,path=custom,text_key=text,epoch=10,lr=4e-5,max_seq_length=128,method=taa,type=Bert,n_aug=16,num_classes=2,num_cpus=40,num_gpus=4,num_search=30,per_device_eval_batch_size=128,per_device_train_batch_size=50,prob=0.4872,seed=42,sparsity=500,tag=pretrained_trail1_n-aug16,topN=3,trail=1,until=5","[[('full', 'eda', 0.48724798311557516)]]"
0.6696059703826904,56.99999999999999,56.99999999999999,56.892230576441094,56.892230576441094,0.721074608391572,56.99999999999999,729.7650308609009,True,182.45717597007751,,,1,d8ad1708,5b9a1e56c83e4a0fa810eaa7452d11aa,2023-05-24_15-11-05,1684937465,182.45717597007751,13376,gpu-e-9,10.43.6.9,"{'tag': 'pretrained_trail1_n-aug16', 'alpha': 0.05, 'n_aug': 16, 'aug_method': <function full at 0x2addb437e598>, 'aug_mode': <function backtranslation at 0x2addc5306158>, 'prob': 0.5442777799455634, 'model': {'type': 'Bert'}, 'dataset': {'path': 'custom', 'name': 'wiki', 'data_dir': '/home/yfn21/ondemand/data/sys/myjobs/projects/default/4/MPhil_BO/taa/Data', 'data_files': {'train': 'clean_sentences_small_wiki_train.csv', 'test': 'clean_sentences_small_wiki_test.csv'}, 'text_key': 'text'}, 'abspath': '/home/yfn21/ondemand/data/sys/myjobs/projects/default/4/MPhil_BO', 'aug': [[('full', 'backtranslation', 0.5442777799455634)]], 'per_device_train_batch_size': 50, 'per_device_eval_batch_size': 128, 'epoch': 10, 'lr': '4e-5', 'max_seq_length': 128, 'sparsity': 500, 'class_imbalance': 0.5, 'num_classes': 2, 'method': 'taa', 'topN': 3, 'seed': 42, 'trail': 1, 'num_search': 30, 'num_gpus': 4, 'num_cpus': 40, '_version': 1, 'config': ('taa/confs/bert_wiki_example.yaml',), 'until': 5}",182.45717597007751,0,1,0.00440526008605957,"9_version=1,abspath=home_yfn21_ondemand_data_sys_myjobs_projects_default_4_MPhil_BO,alpha=0.0500,aug=None,aug_method=function_full_at_0x2addb437e598,aug_mode=function_backtranslation_at_0x2addc5306158,class_imbalance=0.5000,config=taa_confs_bert_wiki_example_yaml,data_dir=home_yfn21_ondemand_data_sys_myjobs_projects_default_4_MPhil_BO_taa_Data,test=clean_sentences_small_wiki_test_csv,train=clean_sentences_small_wiki_train_csv,name=wiki,path=custom,text_key=text,epoch=10,lr=4e-5,max_seq_length=128,method=taa,type=Bert,n_aug=16,num_classes=2,num_cpus=40,num_gpus=4,num_search=30,per_device_eval_batch_size=128,per_device_train_batch_size=50,prob=0.5443,seed=42,sparsity=500,tag=pretrained_trail1_n-aug16,topN=3,trail=1,until=5","[[('full', 'backtranslation', 0.5442777799455634)]]"
0.6836946606636047,56.99999999999999,56.99999999999999,55.38956323270049,55.3895632327005,0.7169917782214593,56.99999999999999,405.7692127227783,True,101.46782398223877,,,1,5ef1c8ae,b9116375388749a9904a1e63fbd4e0da,2023-05-24_15-30-57,1684938657,101.46782398223877,18768,gpu-e-9,10.43.6.9,"{'tag': 'pretrained_trail1_n-aug16', 'alpha': 0.05, 'n_aug': 16, 'aug_method': <function full_minority at 0x2addc57aca60>, 'aug_mode': <function backtranslation at 0x2addc5306158>, 'prob': 0.4639572442303045, 'model': {'type': 'Bert'}, 'dataset': {'path': 'custom', 'name': 'wiki', 'data_dir': '/home/yfn21/ondemand/data/sys/myjobs/projects/default/4/MPhil_BO/taa/Data', 'data_files': {'train': 'clean_sentences_small_wiki_train.csv', 'test': 'clean_sentences_small_wiki_test.csv'}, 'text_key': 'text'}, 'abspath': '/home/yfn21/ondemand/data/sys/myjobs/projects/default/4/MPhil_BO', 'aug': [[('full_minority', 'backtranslation', 0.4639572442303045)]], 'per_device_train_batch_size': 50, 'per_device_eval_batch_size': 128, 'epoch': 10, 'lr': '4e-5', 'max_seq_length': 128, 'sparsity': 500, 'class_imbalance': 0.5, 'num_classes': 2, 'method': 'taa', 'topN': 3, 'seed': 42, 'trail': 1, 'num_search': 30, 'num_gpus': 4, 'num_cpus': 40, '_version': 1, 'config': ('taa/confs/bert_wiki_example.yaml',), 'until': 5}",101.46782398223877,0,1,0.0045146942138671875,"17_version=1,abspath=home_yfn21_ondemand_data_sys_myjobs_projects_default_4_MPhil_BO,alpha=0.0500,aug=None,aug_method=function_full_minority_at_0x2addc57aca60,aug_mode=function_backtranslation_at_0x2addc5306158,class_imbalance=0.5000,config=taa_confs_bert_wiki_example_yaml,data_dir=home_yfn21_ondemand_data_sys_myjobs_projects_default_4_MPhil_BO_taa_Data,test=clean_sentences_small_wiki_test_csv,train=clean_sentences_small_wiki_train_csv,name=wiki,path=custom,text_key=text,epoch=10,lr=4e-5,max_seq_length=128,method=taa,type=Bert,n_aug=16,num_classes=2,num_cpus=40,num_gpus=4,num_search=30,per_device_eval_batch_size=128,per_device_train_batch_size=50,prob=0.4640,seed=42,sparsity=500,tag=pretrained_trail1_n-aug16,topN=3,trail=1,until=5","[[('full_minority', 'backtranslation', 0.4639572442303045)]]"
0.6605589389801025,56.99999999999999,56.99999999999999,56.892230576441094,56.892230576441094,0.7169917782214593,56.99999999999999,655.4094924926758,True,163.8788821697235,,,1,5713a65d,ce7e0410bd91421eb99282ba2fe42daf,2023-05-24_16-00-43,1684940443,163.8788821697235,26090,gpu-e-9,10.43.6.9,"{'tag': 'pretrained_trail1_n-aug16', 'alpha': 0.05, 'n_aug': 16, 'aug_method': <function influential_aug at 0x2addc57acd08>, 'aug_mode': <function backtranslation at 0x2addc5306158>, 'prob': 0.1981382611861096, 'model': {'type': 'Bert'}, 'dataset': {'path': 'custom', 'name': 'wiki', 'data_dir': '/home/yfn21/ondemand/data/sys/myjobs/projects/default/4/MPhil_BO/taa/Data', 'data_files': {'train': 'clean_sentences_small_wiki_train.csv', 'test': 'clean_sentences_small_wiki_test.csv'}, 'text_key': 'text'}, 'abspath': '/home/yfn21/ondemand/data/sys/myjobs/projects/default/4/MPhil_BO', 'aug': [[('influential_aug', 'backtranslation', 0.1981382611861096)]], 'per_device_train_batch_size': 50, 'per_device_eval_batch_size': 128, 'epoch': 10, 'lr': '4e-5', 'max_seq_length': 128, 'sparsity': 500, 'class_imbalance': 0.5, 'num_classes': 2, 'method': 'taa', 'topN': 3, 'seed': 42, 'trail': 1, 'num_search': 30, 'num_gpus': 4, 'num_cpus': 40, '_version': 1, 'config': ('taa/confs/bert_wiki_example.yaml',), 'until': 5}",163.8788821697235,0,1,0.0044097900390625,"29_version=1,abspath=home_yfn21_ondemand_data_sys_myjobs_projects_default_4_MPhil_BO,alpha=0.0500,aug=None,aug_method=function_influential_aug_at_0x2addc57acd08,aug_mode=function_backtranslation_at_0x2addc5306158,class_imbalance=0.5000,config=taa_confs_bert_wiki_example_yaml,data_dir=home_yfn21_ondemand_data_sys_myjobs_projects_default_4_MPhil_BO_taa_Data,test=clean_sentences_small_wiki_test_csv,train=clean_sentences_small_wiki_train_csv,name=wiki,path=custom,text_key=text,epoch=10,lr=4e-5,max_seq_length=128,method=taa,type=Bert,n_aug=16,num_classes=2,num_cpus=40,num_gpus=4,num_search=30,per_device_eval_batch_size=128,per_device_train_batch_size=50,prob=0.1981,seed=42,sparsity=500,tag=pretrained_trail1_n-aug16,topN=3,trail=1,until=5","[[('influential_aug', 'backtranslation', 0.1981382611861096)]]"
0.6746739745140076,56.00000000000001,56.00000000000001,55.35714285714286,55.35714285714285,0.7169917782214593,56.00000000000001,526.5265369415283,True,131.6532278060913,,,1,2d9fea87,51ccf2e7d0ee43a6adc7757dcbbf8328,2023-05-24_15-24-19,1684938259,131.6532278060913,16941,gpu-e-9,10.43.6.9,"{'tag': 'pretrained_trail1_n-aug16', 'alpha': 0.05, 'n_aug': 16, 'aug_method': <function random_forget at 0x2addc57ace18>, 'aug_mode': <function backtranslation at 0x2addc5306158>, 'prob': 0.13173770620846947, 'model': {'type': 'Bert'}, 'dataset': {'path': 'custom', 'name': 'wiki', 'data_dir': '/home/yfn21/ondemand/data/sys/myjobs/projects/default/4/MPhil_BO/taa/Data', 'data_files': {'train': 'clean_sentences_small_wiki_train.csv', 'test': 'clean_sentences_small_wiki_test.csv'}, 'text_key': 'text'}, 'abspath': '/home/yfn21/ondemand/data/sys/myjobs/projects/default/4/MPhil_BO', 'aug': [[('random_forget', 'backtranslation', 0.13173770620846947)]], 'per_device_train_batch_size': 50, 'per_device_eval_batch_size': 128, 'epoch': 10, 'lr': '4e-5', 'max_seq_length': 128, 'sparsity': 500, 'class_imbalance': 0.5, 'num_classes': 2, 'method': 'taa', 'topN': 3, 'seed': 42, 'trail': 1, 'num_search': 30, 'num_gpus': 4, 'num_cpus': 40, '_version': 1, 'config': ('taa/confs/bert_wiki_example.yaml',), 'until': 5}",131.6532278060913,0,1,0.004376649856567383,"14_version=1,abspath=home_yfn21_ondemand_data_sys_myjobs_projects_default_4_MPhil_BO,alpha=0.0500,aug=None,aug_method=function_random_forget_at_0x2addc57ace18,aug_mode=function_backtranslation_at_0x2addc5306158,class_imbalance=0.5000,config=taa_confs_bert_wiki_example_yaml,data_dir=home_yfn21_ondemand_data_sys_myjobs_projects_default_4_MPhil_BO_taa_Data,test=clean_sentences_small_wiki_test_csv,train=clean_sentences_small_wiki_train_csv,name=wiki,path=custom,text_key=text,epoch=10,lr=4e-5,max_seq_length=128,method=taa,type=Bert,n_aug=16,num_classes=2,num_cpus=40,num_gpus=4,num_search=30,per_device_eval_batch_size=128,per_device_train_batch_size=50,prob=0.1317,seed=42,sparsity=500,tag=pretrained_trail1_n-aug16,topN=3,trail=1,until=5","[[('random_forget', 'backtranslation', 0.13173770620846947)]]"
0.6902256608009338,55.00000000000001,55.00000000000001,54.22642660970399,54.22642660970399,0.7217157687556478,55.00000000000001,345.04503440856934,True,86.28726434707642,,,1,ce6737ba,1bc58de9557048e7ae48db29586edbc6,2023-05-24_15-35-20,1684938920,86.28726434707642,19950,gpu-e-9,10.43.6.9,"{'tag': 'pretrained_trail1_n-aug16', 'alpha': 0.05, 'n_aug': 16, 'aug_method': <function random_forget at 0x2addc57ace18>, 'aug_mode': <function backtranslation at 0x2addc5306158>, 'prob': 0.7677789999454872, 'model': {'type': 'Bert'}, 'dataset': {'path': 'custom', 'name': 'wiki', 'data_dir': '/home/yfn21/ondemand/data/sys/myjobs/projects/default/4/MPhil_BO/taa/Data', 'data_files': {'train': 'clean_sentences_small_wiki_train.csv', 'test': 'clean_sentences_small_wiki_test.csv'}, 'text_key': 'text'}, 'abspath': '/home/yfn21/ondemand/data/sys/myjobs/projects/default/4/MPhil_BO', 'aug': [[('random_forget', 'backtranslation', 0.7677789999454872)]], 'per_device_train_batch_size': 50, 'per_device_eval_batch_size': 128, 'epoch': 10, 'lr': '4e-5', 'max_seq_length': 128, 'sparsity': 500, 'class_imbalance': 0.5, 'num_classes': 2, 'method': 'taa', 'topN': 3, 'seed': 42, 'trail': 1, 'num_search': 30, 'num_gpus': 4, 'num_cpus': 40, '_version': 1, 'config': ('taa/confs/bert_wiki_example.yaml',), 'until': 5}",86.28726434707642,0,1,0.004530668258666992,"19_version=1,abspath=home_yfn21_ondemand_data_sys_myjobs_projects_default_4_MPhil_BO,alpha=0.0500,aug=None,aug_method=function_random_forget_at_0x2addc57ace18,aug_mode=function_backtranslation_at_0x2addc5306158,class_imbalance=0.5000,config=taa_confs_bert_wiki_example_yaml,data_dir=home_yfn21_ondemand_data_sys_myjobs_projects_default_4_MPhil_BO_taa_Data,test=clean_sentences_small_wiki_test_csv,train=clean_sentences_small_wiki_train_csv,name=wiki,path=custom,text_key=text,epoch=10,lr=4e-5,max_seq_length=128,method=taa,type=Bert,n_aug=16,num_classes=2,num_cpus=40,num_gpus=4,num_search=30,per_device_eval_batch_size=128,per_device_train_batch_size=50,prob=0.7678,seed=42,sparsity=500,tag=pretrained_trail1_n-aug16,topN=3,trail=1,until=5","[[('random_forget', 'backtranslation', 0.7677789999454872)]]"
0.6885825991630554,54.0,54.0,52.08333333333333,52.08333333333333,0.7169917782214593,54.0,467.20671367645264,True,116.82024121284485,,,1,25260688,b58493a84bea439389dca620c4f674a9,2023-05-24_15-13-24,1684937604,116.82024121284485,14147,gpu-e-9,10.43.6.9,"{'tag': 'pretrained_trail1_n-aug16', 'alpha': 0.05, 'n_aug': 16, 'aug_method': <function random_forget at 0x2addc57ace18>, 'aug_mode': <function eda at 0x2addc53061e0>, 'prob': 0.2996645431105658, 'model': {'type': 'Bert'}, 'dataset': {'path': 'custom', 'name': 'wiki', 'data_dir': '/home/yfn21/ondemand/data/sys/myjobs/projects/default/4/MPhil_BO/taa/Data', 'data_files': {'train': 'clean_sentences_small_wiki_train.csv', 'test': 'clean_sentences_small_wiki_test.csv'}, 'text_key': 'text'}, 'abspath': '/home/yfn21/ondemand/data/sys/myjobs/projects/default/4/MPhil_BO', 'aug': [[('random_forget', 'eda', 0.2996645431105658)]], 'per_device_train_batch_size': 50, 'per_device_eval_batch_size': 128, 'epoch': 10, 'lr': '4e-5', 'max_seq_length': 128, 'sparsity': 500, 'class_imbalance': 0.5, 'num_classes': 2, 'method': 'taa', 'topN': 3, 'seed': 42, 'trail': 1, 'num_search': 30, 'num_gpus': 4, 'num_cpus': 40, '_version': 1, 'config': ('taa/confs/bert_wiki_example.yaml',), 'until': 5}",116.82024121284485,0,1,0.004512310028076172,"10_version=1,abspath=home_yfn21_ondemand_data_sys_myjobs_projects_default_4_MPhil_BO,alpha=0.0500,aug=None,aug_method=function_random_forget_at_0x2addc57ace18,aug_mode=function_eda_at_0x2addc53061e0,class_imbalance=0.5000,config=taa_confs_bert_wiki_example_yaml,data_dir=home_yfn21_ondemand_data_sys_myjobs_projects_default_4_MPhil_BO_taa_Data,test=clean_sentences_small_wiki_test_csv,train=clean_sentences_small_wiki_train_csv,name=wiki,path=custom,text_key=text,epoch=10,lr=4e-5,max_seq_length=128,method=taa,type=Bert,n_aug=16,num_classes=2,num_cpus=40,num_gpus=4,num_search=30,per_device_eval_batch_size=128,per_device_train_batch_size=50,prob=0.2997,seed=42,sparsity=500,tag=pretrained_trail1_n-aug16,topN=3,trail=1,until=5","[[('random_forget', 'eda', 0.2996645431105658)]]"
0.6704896688461304,54.0,54.0,53.327922077922075,53.32792207792206,0.7169917782214593,54.0,600.0662288665771,True,150.04310846328735,,,1,50e8b016,e361ee2a08794e318f3d8d8e53e7c618,2023-05-24_15-46-19,1684939579,150.04310846328735,22670,gpu-e-9,10.43.6.9,"{'tag': 'pretrained_trail1_n-aug16', 'alpha': 0.05, 'n_aug': 16, 'aug_method': <function influential_aug at 0x2addc57acd08>, 'aug_mode': <function backtranslation at 0x2addc5306158>, 'prob': 0.3701463686084181, 'model': {'type': 'Bert'}, 'dataset': {'path': 'custom', 'name': 'wiki', 'data_dir': '/home/yfn21/ondemand/data/sys/myjobs/projects/default/4/MPhil_BO/taa/Data', 'data_files': {'train': 'clean_sentences_small_wiki_train.csv', 'test': 'clean_sentences_small_wiki_test.csv'}, 'text_key': 'text'}, 'abspath': '/home/yfn21/ondemand/data/sys/myjobs/projects/default/4/MPhil_BO', 'aug': [[('influential_aug', 'backtranslation', 0.3701463686084181)]], 'per_device_train_batch_size': 50, 'per_device_eval_batch_size': 128, 'epoch': 10, 'lr': '4e-5', 'max_seq_length': 128, 'sparsity': 500, 'class_imbalance': 0.5, 'num_classes': 2, 'method': 'taa', 'topN': 3, 'seed': 42, 'trail': 1, 'num_search': 30, 'num_gpus': 4, 'num_cpus': 40, '_version': 1, 'config': ('taa/confs/bert_wiki_example.yaml',), 'until': 5}",150.04310846328735,0,1,0.004307985305786133,"23_version=1,abspath=home_yfn21_ondemand_data_sys_myjobs_projects_default_4_MPhil_BO,alpha=0.0500,aug=None,aug_method=function_influential_aug_at_0x2addc57acd08,aug_mode=function_backtranslation_at_0x2addc5306158,class_imbalance=0.5000,config=taa_confs_bert_wiki_example_yaml,data_dir=home_yfn21_ondemand_data_sys_myjobs_projects_default_4_MPhil_BO_taa_Data,test=clean_sentences_small_wiki_test_csv,train=clean_sentences_small_wiki_train_csv,name=wiki,path=custom,text_key=text,epoch=10,lr=4e-5,max_seq_length=128,method=taa,type=Bert,n_aug=16,num_classes=2,num_cpus=40,num_gpus=4,num_search=30,per_device_eval_batch_size=128,per_device_train_batch_size=50,prob=0.3701,seed=42,sparsity=500,tag=pretrained_trail1_n-aug16,topN=3,trail=1,until=5","[[('influential_aug', 'backtranslation', 0.3701463686084181)]]"
0.7027811408042908,51.0,51.0,49.16485112563544,49.16485112563544,0.7169917782214593,51.0,405.3017826080322,True,101.33267045021057,,,1,a069d59d,8e21b1ef1e18493bbc7ea86aa960080e,2023-05-24_14-50-20,1684936220,101.33267045021057,8078,gpu-e-9,10.43.6.9,"{'tag': 'pretrained_trail1_n-aug16', 'alpha': 0.05, 'n_aug': 16, 'aug_method': <function random_forget_majority at 0x2addc57acea0>, 'aug_mode': <function backtranslation at 0x2addc5306158>, 'prob': 0.06671867145287291, 'model': {'type': 'Bert'}, 'dataset': {'path': 'custom', 'name': 'wiki', 'data_dir': '/home/yfn21/ondemand/data/sys/myjobs/projects/default/4/MPhil_BO/taa/Data', 'data_files': {'train': 'clean_sentences_small_wiki_train.csv', 'test': 'clean_sentences_small_wiki_test.csv'}, 'text_key': 'text'}, 'abspath': '/home/yfn21/ondemand/data/sys/myjobs/projects/default/4/MPhil_BO', 'aug': [[('random_forget_majority', 'backtranslation', 0.06671867145287291)]], 'per_device_train_batch_size': 50, 'per_device_eval_batch_size': 128, 'epoch': 10, 'lr': '4e-5', 'max_seq_length': 128, 'sparsity': 500, 'class_imbalance': 0.5, 'num_classes': 2, 'method': 'taa', 'topN': 3, 'seed': 42, 'trail': 1, 'num_search': 30, 'num_gpus': 4, 'num_cpus': 40, '_version': 1, 'config': ('taa/confs/bert_wiki_example.yaml',), 'until': 5}",101.33267045021057,0,1,0.00446009635925293,"2_version=1,abspath=home_yfn21_ondemand_data_sys_myjobs_projects_default_4_MPhil_BO,alpha=0.0500,aug=None,aug_method=function_random_forget_majority_at_0x2addc57acea0,aug_mode=function_backtranslation_at_0x2addc5306158,class_imbalance=0.5000,config=taa_confs_bert_wiki_example_yaml,data_dir=home_yfn21_ondemand_data_sys_myjobs_projects_default_4_MPhil_BO_taa_Data,test=clean_sentences_small_wiki_test_csv,train=clean_sentences_small_wiki_train_csv,name=wiki,path=custom,text_key=text,epoch=10,lr=4e-5,max_seq_length=128,method=taa,type=Bert,n_aug=16,num_classes=2,num_cpus=40,num_gpus=4,num_search=30,per_device_eval_batch_size=128,per_device_train_batch_size=50,prob=0.0667,seed=42,sparsity=500,tag=pretrained_trail1_n-aug16,topN=3,trail=1,until=5","[[('random_forget_majority', 'backtranslation', 0.06671867145287291)]]"
0.7278389930725098,51.0,51.0,35.517831293591264,35.517831293591264,0.6773003597048333,51.0,459.1853199005127,True,114.81531119346619,,,1,722d7f67,673809d5d8f142678da83d53e7d4ee1c,2023-05-24_15-21-45,1684938105,114.81531119346619,16153,gpu-e-9,10.43.6.9,"{'tag': 'pretrained_trail1_n-aug16', 'alpha': 0.05, 'n_aug': 16, 'aug_method': <function full_minority at 0x2addc57aca60>, 'aug_mode': <function eda at 0x2addc53061e0>, 'prob': 0.9765252650667616, 'model': {'type': 'Bert'}, 'dataset': {'path': 'custom', 'name': 'wiki', 'data_dir': '/home/yfn21/ondemand/data/sys/myjobs/projects/default/4/MPhil_BO/taa/Data', 'data_files': {'train': 'clean_sentences_small_wiki_train.csv', 'test': 'clean_sentences_small_wiki_test.csv'}, 'text_key': 'text'}, 'abspath': '/home/yfn21/ondemand/data/sys/myjobs/projects/default/4/MPhil_BO', 'aug': [[('full_minority', 'eda', 0.9765252650667616)]], 'per_device_train_batch_size': 50, 'per_device_eval_batch_size': 128, 'epoch': 10, 'lr': '4e-5', 'max_seq_length': 128, 'sparsity': 500, 'class_imbalance': 0.5, 'num_classes': 2, 'method': 'taa', 'topN': 3, 'seed': 42, 'trail': 1, 'num_search': 30, 'num_gpus': 4, 'num_cpus': 40, '_version': 1, 'config': ('taa/confs/bert_wiki_example.yaml',), 'until': 5}",114.81531119346619,0,1,0.0044138431549072266,"13_version=1,abspath=home_yfn21_ondemand_data_sys_myjobs_projects_default_4_MPhil_BO,alpha=0.0500,aug=None,aug_method=function_full_minority_at_0x2addc57aca60,aug_mode=function_eda_at_0x2addc53061e0,class_imbalance=0.5000,config=taa_confs_bert_wiki_example_yaml,data_dir=home_yfn21_ondemand_data_sys_myjobs_projects_default_4_MPhil_BO_taa_Data,test=clean_sentences_small_wiki_test_csv,train=clean_sentences_small_wiki_train_csv,name=wiki,path=custom,text_key=text,epoch=10,lr=4e-5,max_seq_length=128,method=taa,type=Bert,n_aug=16,num_classes=2,num_cpus=40,num_gpus=4,num_search=30,per_device_eval_batch_size=128,per_device_train_batch_size=50,prob=0.9765,seed=42,sparsity=500,tag=pretrained_trail1_n-aug16,topN=3,trail=1,until=5","[[('full_minority', 'eda', 0.9765252650667616)]]"
0.7118740677833557,51.0,51.0,35.517831293591264,35.517831293591264,0.7169917782214593,51.0,292.687557220459,True,73.19880557060242,,,1,1b69084f,82c8502848fc4004a40457d4c7dbc929,2023-05-24_15-55-32,1684940132,73.19880557060242,25172,gpu-e-9,10.43.6.9,"{'tag': 'pretrained_trail1_n-aug16', 'alpha': 0.05, 'n_aug': 16, 'aug_method': <function random_aug at 0x2addc57acc80>, 'aug_mode': <function backtranslation at 0x2addc5306158>, 'prob': 0.35206804907188083, 'model': {'type': 'Bert'}, 'dataset': {'path': 'custom', 'name': 'wiki', 'data_dir': '/home/yfn21/ondemand/data/sys/myjobs/projects/default/4/MPhil_BO/taa/Data', 'data_files': {'train': 'clean_sentences_small_wiki_train.csv', 'test': 'clean_sentences_small_wiki_test.csv'}, 'text_key': 'text'}, 'abspath': '/home/yfn21/ondemand/data/sys/myjobs/projects/default/4/MPhil_BO', 'aug': [[('random_aug', 'backtranslation', 0.35206804907188083)]], 'per_device_train_batch_size': 50, 'per_device_eval_batch_size': 128, 'epoch': 10, 'lr': '4e-5', 'max_seq_length': 128, 'sparsity': 500, 'class_imbalance': 0.5, 'num_classes': 2, 'method': 'taa', 'topN': 3, 'seed': 42, 'trail': 1, 'num_search': 30, 'num_gpus': 4, 'num_cpus': 40, '_version': 1, 'config': ('taa/confs/bert_wiki_example.yaml',), 'until': 5}",73.19880557060242,0,1,0.004720449447631836,"27_version=1,abspath=home_yfn21_ondemand_data_sys_myjobs_projects_default_4_MPhil_BO,alpha=0.0500,aug=None,aug_method=function_random_aug_at_0x2addc57acc80,aug_mode=function_backtranslation_at_0x2addc5306158,class_imbalance=0.5000,config=taa_confs_bert_wiki_example_yaml,data_dir=home_yfn21_ondemand_data_sys_myjobs_projects_default_4_MPhil_BO_taa_Data,test=clean_sentences_small_wiki_test_csv,train=clean_sentences_small_wiki_train_csv,name=wiki,path=custom,text_key=text,epoch=10,lr=4e-5,max_seq_length=128,method=taa,type=Bert,n_aug=16,num_classes=2,num_cpus=40,num_gpus=4,num_search=30,per_device_eval_batch_size=128,per_device_train_batch_size=50,prob=0.3521,seed=42,sparsity=500,tag=pretrained_trail1_n-aug16,topN=3,trail=1,until=5","[[('random_aug', 'backtranslation', 0.35206804907188083)]]"
0.7078211307525635,50.0,50.0,33.33333333333333,33.33333333333333,0.7172867635929298,50.0,386.8899965286255,True,96.73594236373901,,,1,312a0574,c42edc412bc0490d87f117e1c7b8e223,2023-05-24_15-04-38,1684937078,96.73594236373901,12073,gpu-e-9,10.43.6.9,"{'tag': 'pretrained_trail1_n-aug16', 'alpha': 0.05, 'n_aug': 16, 'aug_method': <function forget_majority at 0x2addc57acf28>, 'aug_mode': <function eda at 0x2addc53061e0>, 'prob': 0.9960642250536902, 'model': {'type': 'Bert'}, 'dataset': {'path': 'custom', 'name': 'wiki', 'data_dir': '/home/yfn21/ondemand/data/sys/myjobs/projects/default/4/MPhil_BO/taa/Data', 'data_files': {'train': 'clean_sentences_small_wiki_train.csv', 'test': 'clean_sentences_small_wiki_test.csv'}, 'text_key': 'text'}, 'abspath': '/home/yfn21/ondemand/data/sys/myjobs/projects/default/4/MPhil_BO', 'aug': [[('forget_majority', 'eda', 0.9960642250536902)]], 'per_device_train_batch_size': 50, 'per_device_eval_batch_size': 128, 'epoch': 10, 'lr': '4e-5', 'max_seq_length': 128, 'sparsity': 500, 'class_imbalance': 0.5, 'num_classes': 2, 'method': 'taa', 'topN': 3, 'seed': 42, 'trail': 1, 'num_search': 30, 'num_gpus': 4, 'num_cpus': 40, '_version': 1, 'config': ('taa/confs/bert_wiki_example.yaml',), 'until': 5}",96.73594236373901,0,1,0.005933046340942383,"7_version=1,abspath=home_yfn21_ondemand_data_sys_myjobs_projects_default_4_MPhil_BO,alpha=0.0500,aug=None,aug_method=function_forget_majority_at_0x2addc57acf28,aug_mode=function_eda_at_0x2addc53061e0,class_imbalance=0.5000,config=taa_confs_bert_wiki_example_yaml,data_dir=home_yfn21_ondemand_data_sys_myjobs_projects_default_4_MPhil_BO_taa_Data,test=clean_sentences_small_wiki_test_csv,train=clean_sentences_small_wiki_train_csv,name=wiki,path=custom,text_key=text,epoch=10,lr=4e-5,max_seq_length=128,method=taa,type=Bert,n_aug=16,num_classes=2,num_cpus=40,num_gpus=4,num_search=30,per_device_eval_batch_size=128,per_device_train_batch_size=50,prob=0.9961,seed=42,sparsity=500,tag=pretrained_trail1_n-aug16,topN=3,trail=1,until=5","[[('forget_majority', 'eda', 0.9960642250536902)]]"
0.7189271450042725,50.0,50.0,33.33333333333333,33.33333333333333,0.6766337259529311,50.0,460.14658641815186,True,115.06337714195251,,,1,d733a0ac,ef522cf8b1144dc98d12a9362d4ff0c2,2023-05-24_15-37-37,1684939057,115.06337714195251,20402,gpu-e-9,10.43.6.9,"{'tag': 'pretrained_trail1_n-aug16', 'alpha': 0.05, 'n_aug': 16, 'aug_method': <function full_minority at 0x2addc57aca60>, 'aug_mode': <function eda at 0x2addc53061e0>, 'prob': 0.5180937833391295, 'model': {'type': 'Bert'}, 'dataset': {'path': 'custom', 'name': 'wiki', 'data_dir': '/home/yfn21/ondemand/data/sys/myjobs/projects/default/4/MPhil_BO/taa/Data', 'data_files': {'train': 'clean_sentences_small_wiki_train.csv', 'test': 'clean_sentences_small_wiki_test.csv'}, 'text_key': 'text'}, 'abspath': '/home/yfn21/ondemand/data/sys/myjobs/projects/default/4/MPhil_BO', 'aug': [[('full_minority', 'eda', 0.5180937833391295)]], 'per_device_train_batch_size': 50, 'per_device_eval_batch_size': 128, 'epoch': 10, 'lr': '4e-5', 'max_seq_length': 128, 'sparsity': 500, 'class_imbalance': 0.5, 'num_classes': 2, 'method': 'taa', 'topN': 3, 'seed': 42, 'trail': 1, 'num_search': 30, 'num_gpus': 4, 'num_cpus': 40, '_version': 1, 'config': ('taa/confs/bert_wiki_example.yaml',), 'until': 5}",115.06337714195251,0,1,0.004419803619384766,"20_version=1,abspath=home_yfn21_ondemand_data_sys_myjobs_projects_default_4_MPhil_BO,alpha=0.0500,aug=None,aug_method=function_full_minority_at_0x2addc57aca60,aug_mode=function_eda_at_0x2addc53061e0,class_imbalance=0.5000,config=taa_confs_bert_wiki_example_yaml,data_dir=home_yfn21_ondemand_data_sys_myjobs_projects_default_4_MPhil_BO_taa_Data,test=clean_sentences_small_wiki_test_csv,train=clean_sentences_small_wiki_train_csv,name=wiki,path=custom,text_key=text,epoch=10,lr=4e-5,max_seq_length=128,method=taa,type=Bert,n_aug=16,num_classes=2,num_cpus=40,num_gpus=4,num_search=30,per_device_eval_batch_size=128,per_device_train_batch_size=50,prob=0.5181,seed=42,sparsity=500,tag=pretrained_trail1_n-aug16,topN=3,trail=1,until=5","[[('full_minority', 'eda', 0.5180937833391295)]]"
0.7034993171691895,50.0,50.0,39.29091792132103,39.29091792132104,0.7169917782214593,50.0,287.30177783966064,True,71.85245537757874,,,1,e03a352b,be19d10af4fc4bd596aa17d4031520ad,2023-05-24_16-02-17,1684940537,71.85245537757874,26827,gpu-e-9,10.43.6.9,"{'tag': 'pretrained_trail1_n-aug16', 'alpha': 0.05, 'n_aug': 16, 'aug_method': <function influential_aug at 0x2addc57acd08>, 'aug_mode': <function eda at 0x2addc53061e0>, 'prob': 0.42792100763285856, 'model': {'type': 'Bert'}, 'dataset': {'path': 'custom', 'name': 'wiki', 'data_dir': '/home/yfn21/ondemand/data/sys/myjobs/projects/default/4/MPhil_BO/taa/Data', 'data_files': {'train': 'clean_sentences_small_wiki_train.csv', 'test': 'clean_sentences_small_wiki_test.csv'}, 'text_key': 'text'}, 'abspath': '/home/yfn21/ondemand/data/sys/myjobs/projects/default/4/MPhil_BO', 'aug': [[('influential_aug', 'eda', 0.42792100763285856)]], 'per_device_train_batch_size': 50, 'per_device_eval_batch_size': 128, 'epoch': 10, 'lr': '4e-5', 'max_seq_length': 128, 'sparsity': 500, 'class_imbalance': 0.5, 'num_classes': 2, 'method': 'taa', 'topN': 3, 'seed': 42, 'trail': 1, 'num_search': 30, 'num_gpus': 4, 'num_cpus': 40, '_version': 1, 'config': ('taa/confs/bert_wiki_example.yaml',), 'until': 5}",71.85245537757874,0,1,0.004301786422729492,"30_version=1,abspath=home_yfn21_ondemand_data_sys_myjobs_projects_default_4_MPhil_BO,alpha=0.0500,aug=None,aug_method=function_influential_aug_at_0x2addc57acd08,aug_mode=function_eda_at_0x2addc53061e0,class_imbalance=0.5000,config=taa_confs_bert_wiki_example_yaml,data_dir=home_yfn21_ondemand_data_sys_myjobs_projects_default_4_MPhil_BO_taa_Data,test=clean_sentences_small_wiki_test_csv,train=clean_sentences_small_wiki_train_csv,name=wiki,path=custom,text_key=text,epoch=10,lr=4e-5,max_seq_length=128,method=taa,type=Bert,n_aug=16,num_classes=2,num_cpus=40,num_gpus=4,num_search=30,per_device_eval_batch_size=128,per_device_train_batch_size=50,prob=0.4279,seed=42,sparsity=500,tag=pretrained_trail1_n-aug16,topN=3,trail=1,until=5","[[('influential_aug', 'eda', 0.42792100763285856)]]"
0.718711793422699,49.0,49.0,32.88590604026845,32.88590604026845,0.7172867635929298,49.0,279.4102773666382,True,69.85381627082825,,,1,345f112a,6c72d7858a564c749d070c43e9f50371,2023-05-24_15-25-51,1684938351,69.85381627082825,17659,gpu-e-9,10.43.6.9,"{'tag': 'pretrained_trail1_n-aug16', 'alpha': 0.05, 'n_aug': 16, 'aug_method': <function forget_majority at 0x2addc57acf28>, 'aug_mode': <function backtranslation at 0x2addc5306158>, 'prob': 0.7151704401024395, 'model': {'type': 'Bert'}, 'dataset': {'path': 'custom', 'name': 'wiki', 'data_dir': '/home/yfn21/ondemand/data/sys/myjobs/projects/default/4/MPhil_BO/taa/Data', 'data_files': {'train': 'clean_sentences_small_wiki_train.csv', 'test': 'clean_sentences_small_wiki_test.csv'}, 'text_key': 'text'}, 'abspath': '/home/yfn21/ondemand/data/sys/myjobs/projects/default/4/MPhil_BO', 'aug': [[('forget_majority', 'backtranslation', 0.7151704401024395)]], 'per_device_train_batch_size': 50, 'per_device_eval_batch_size': 128, 'epoch': 10, 'lr': '4e-5', 'max_seq_length': 128, 'sparsity': 500, 'class_imbalance': 0.5, 'num_classes': 2, 'method': 'taa', 'topN': 3, 'seed': 42, 'trail': 1, 'num_search': 30, 'num_gpus': 4, 'num_cpus': 40, '_version': 1, 'config': ('taa/confs/bert_wiki_example.yaml',), 'until': 5}",69.85381627082825,0,1,0.02621293067932129,"15_version=1,abspath=home_yfn21_ondemand_data_sys_myjobs_projects_default_4_MPhil_BO,alpha=0.0500,aug=None,aug_method=function_forget_majority_at_0x2addc57acf28,aug_mode=function_backtranslation_at_0x2addc5306158,class_imbalance=0.5000,config=taa_confs_bert_wiki_example_yaml,data_dir=home_yfn21_ondemand_data_sys_myjobs_projects_default_4_MPhil_BO_taa_Data,test=clean_sentences_small_wiki_test_csv,train=clean_sentences_small_wiki_train_csv,name=wiki,path=custom,text_key=text,epoch=10,lr=4e-5,max_seq_length=128,method=taa,type=Bert,n_aug=16,num_classes=2,num_cpus=40,num_gpus=4,num_search=30,per_device_eval_batch_size=128,per_device_train_batch_size=50,prob=0.7152,seed=42,sparsity=500,tag=pretrained_trail1_n-aug16,topN=3,trail=1,until=5","[[('forget_majority', 'backtranslation', 0.7151704401024395)]]"
0.7005024552345276,49.0,49.0,36.05015673981191,36.050156739811904,0.7144237905202658,49.0,344.25388526916504,True,86.08967566490173,,,1,ed0ec802,231d96b16835401a9101ea6d3494a784,2023-05-24_15-53-58,1684940038,86.08967566490173,24712,gpu-e-9,10.43.6.9,"{'tag': 'pretrained_trail1_n-aug16', 'alpha': 0.05, 'n_aug': 16, 'aug_method': <function influential_majority_forget at 0x2addc5306048>, 'aug_mode': <function backtranslation at 0x2addc5306158>, 'prob': 0.6272436741864067, 'model': {'type': 'Bert'}, 'dataset': {'path': 'custom', 'name': 'wiki', 'data_dir': '/home/yfn21/ondemand/data/sys/myjobs/projects/default/4/MPhil_BO/taa/Data', 'data_files': {'train': 'clean_sentences_small_wiki_train.csv', 'test': 'clean_sentences_small_wiki_test.csv'}, 'text_key': 'text'}, 'abspath': '/home/yfn21/ondemand/data/sys/myjobs/projects/default/4/MPhil_BO', 'aug': [[('influential_majority_forget', 'backtranslation', 0.6272436741864067)]], 'per_device_train_batch_size': 50, 'per_device_eval_batch_size': 128, 'epoch': 10, 'lr': '4e-5', 'max_seq_length': 128, 'sparsity': 500, 'class_imbalance': 0.5, 'num_classes': 2, 'method': 'taa', 'topN': 3, 'seed': 42, 'trail': 1, 'num_search': 30, 'num_gpus': 4, 'num_cpus': 40, '_version': 1, 'config': ('taa/confs/bert_wiki_example.yaml',), 'until': 5}",86.08967566490173,0,1,0.005089521408081055,"26_version=1,abspath=home_yfn21_ondemand_data_sys_myjobs_projects_default_4_MPhil_BO,alpha=0.0500,aug=None,aug_method=function_influential_majority_forget_at_0x2addc5306048,aug_mode=function_backtranslation_at_0x2addc5306158,class_imbalance=0.5000,config=taa_confs_bert_wiki_example_yaml,data_dir=home_yfn21_ondemand_data_sys_myjobs_projects_default_4_MPhil_BO_taa_Data,test=clean_sentences_small_wiki_test_csv,train=clean_sentences_small_wiki_train_csv,name=wiki,path=custom,text_key=text,epoch=10,lr=4e-5,max_seq_length=128,method=taa,type=Bert,n_aug=16,num_classes=2,num_cpus=40,num_gpus=4,num_search=30,per_device_eval_batch_size=128,per_device_train_batch_size=50,prob=0.6272,seed=42,sparsity=500,tag=pretrained_trail1_n-aug16,topN=3,trail=1,until=5","[[('influential_majority_forget', 'backtranslation', 0.6272436741864067)]]"
0.6985119581222534,47.0,47.0,36.290419521577114,36.290419521577114,0.7172867635929298,47.0,333.02376079559326,True,83.27981996536255,,,1,605b04b6,9200a33a60ae4afc96ccec6a4d26acf2,2023-05-24_14-48-16,1684936096,83.27981996536255,7653,gpu-e-9,10.43.6.9,"{'tag': 'pretrained_trail1_n-aug16', 'alpha': 0.05, 'n_aug': 16, 'aug_method': <function forget_majority at 0x2addc57acf28>, 'aug_mode': <function backtranslation at 0x2addc5306158>, 'prob': 0.5626272752306514, 'model': {'type': 'Bert'}, 'dataset': {'path': 'custom', 'name': 'wiki', 'data_dir': '/home/yfn21/ondemand/data/sys/myjobs/projects/default/4/MPhil_BO/taa/Data', 'data_files': {'train': 'clean_sentences_small_wiki_train.csv', 'test': 'clean_sentences_small_wiki_test.csv'}, 'text_key': 'text'}, 'abspath': '/home/yfn21/ondemand/data/sys/myjobs/projects/default/4/MPhil_BO', 'aug': [[('forget_majority', 'backtranslation', 0.5626272752306514)]], 'per_device_train_batch_size': 50, 'per_device_eval_batch_size': 128, 'epoch': 10, 'lr': '4e-5', 'max_seq_length': 128, 'sparsity': 500, 'class_imbalance': 0.5, 'num_classes': 2, 'method': 'taa', 'topN': 3, 'seed': 42, 'trail': 1, 'num_search': 30, 'num_gpus': 4, 'num_cpus': 40, '_version': 1, 'config': ('taa/confs/bert_wiki_example.yaml',), 'until': 5}",83.27981996536255,0,1,0.0046539306640625,"1_version=1,abspath=home_yfn21_ondemand_data_sys_myjobs_projects_default_4_MPhil_BO,alpha=0.0500,aug=None,aug_method=function_forget_majority_at_0x2addc57acf28,aug_mode=function_backtranslation_at_0x2addc5306158,class_imbalance=0.5000,config=taa_confs_bert_wiki_example_yaml,data_dir=home_yfn21_ondemand_data_sys_myjobs_projects_default_4_MPhil_BO_taa_Data,test=clean_sentences_small_wiki_test_csv,train=clean_sentences_small_wiki_train_csv,name=wiki,path=custom,text_key=text,epoch=10,lr=4e-5,max_seq_length=128,method=taa,type=Bert,n_aug=16,num_classes=2,num_cpus=40,num_gpus=4,num_search=30,per_device_eval_batch_size=128,per_device_train_batch_size=50,prob=0.5626,seed=42,sparsity=500,tag=pretrained_trail1_n-aug16,topN=3,trail=1,until=5","[[('forget_majority', 'backtranslation', 0.5626272752306514)]]"
